id,fullname,job,gender,city,salary,birthday
1,Trumaine Braunle,Assistant Manager,Male,Thorpe,¥679011.10,8/23/1980
2,Dieter Bradnum,Safety Technician IV,Male,Lintan Chengguanzhen,¥670169.76,10/2/2013
3,Abraham Dmtrovic,VP Product Management,Male,Itagibá,¥482503.38,12/21/2014
4,Lind Spry,Database Administrator III,Female,Tsumeb,¥597280.63,6/20/1972
5,Cirstoforo Eirwin,Data Coordinator,Male,Resende,¥414213.60,10/10/1980
6,Elva Sweeney,Web Developer III,Female,Pereira Barreto,¥469076.58,1/8/1977
7,Luca Bysaker,Electrical Engineer,Male,Skórzec,¥544947.47,11/22/2008
8,Murvyn Imison,Help Desk Technician,Male,Mojimán,¥431964.70,7/12/1974
9,Francisco Tramel,Senior Sales Associate,Male,Druzhny,¥166353.37,11/9/1983
10,Geordie Ivankin,Sales Representative,Male,Uromi,¥344839.19,1/15/2008
11,Marnie Seeley,VP Product Management,Female,Claveria,¥175199.68,12/8/2020
12,Helsa Edelmann,Environmental Specialist,Female,Al Karāmah,¥569616.98,1/14/1979
13,Odette Malmar,Account Executive,Female,Pedrogão,¥749254.30,7/27/1970
14,Muire Ramsbottom,Actuary,Female,Wanganui,¥556694.02,12/25/1986
15,Haleigh MacKeeg,Nuclear Power Engineer,Male,Fukuroi,¥866207.43,10/9/1990
16,Coriss Juara,Physical Therapy Assistant,Female,Cangkringan,¥469226.29,10/2/2005
17,Lina Taffarello,Speech Pathologist,Female,Tonggu,¥315698.70,5/19/1962
18,Dylan Serjeant,Librarian,Male,Huangnan,¥443644.99,3/27/2004
19,Mufinella Darnell,Chief Design Engineer,Female,Calaba,¥880742.64,11/18/1972
20,Daloris O'Hagerty,Executive Secretary,Female,Garang,¥275618.77,8/12/2000
21,Meg Bosnell,Research Nurse,Female,Jitian,¥388084.82,2/19/1985
22,Frasco Doudny,Recruiter,Male,Jingcheng,¥680100.07,12/30/1986
23,Giorgia Giacomini,Research Associate,Non-binary,Gasa,¥442816.69,11/12/1999
24,Engracia Blackboro,VP Sales,Female,Manorhamilton,¥166323.74,3/22/1972
25,Rolf Kondratenko,Community Outreach Specialist,Male,Eisen,¥401387.15,5/11/2012
26,Reilly Hastwell,Marketing Manager,Male,Limeira,¥574689.90,8/27/2010
27,Aloysius Nerne,Operator,Male,Loo,¥957541.14,2/8/1977
28,Quintilla Tellenbrok,Pharmacist,Female,El Hermel,¥642275.97,6/26/1965
29,Yvette Flaonier,GIS Technical Architect,Female,Kiełczów,¥785504.12,9/26/1996
30,Mordecai Scawen,Research Nurse,Male,Dolní Bojanovice,¥805808.21,11/14/2015
31,Welbie Goodlatt,Marketing Assistant,Male,Villa Hayes,¥694051.07,4/14/1971
32,Lanni Rowbotham,Environmental Tech,Female,Karangarjo,¥259563.12,1/16/2001
33,Domeniga Lafoy,Staff Scientist,Female,Sourotí,¥153728.59,9/1/2011
34,Sully Ruzic,Professor,Male,Qiligang,¥809918.20,11/20/1970
35,Brady Koles,Occupational Therapist,Male,Gorzyce,¥525380.65,5/17/1967
36,Westley Knappen,Assistant Professor,Male,Västerås,¥782499.92,5/10/2005
37,Goddart Bayne,Professor,Male,Cuba,¥833905.77,2/1/1963
38,Royall Sandal,Paralegal,Male,Provins,¥290858.93,12/19/1982
39,Gerik Bard,Administrative Officer,Male,Fuwayriţ,¥382246.67,7/16/1986
40,Kenon Kiehne,Electrical Engineer,Male,Kokubunji,¥802108.51,4/2/2012
41,Arnoldo Smithen,Librarian,Male,Usevia,¥470892.66,4/5/1963
42,Marlena Turgoose,Desktop Support Technician,Female,Xinhua,¥572229.35,9/16/2009
43,Rollie Domniney,Director of Sales,Male,Kofelē,¥482326.67,2/10/1965
44,Sonya Sictornes,Community Outreach Specialist,Female,Maastricht,¥864253.92,11/30/1974
45,Leia Birkbeck,GIS Technical Architect,Female,Magdaleno Aguilar,¥477308.62,4/24/1982
46,Brantley Flintuff,Director of Sales,Male,Limbi,¥606543.47,10/24/1967
47,Kaspar Sterte,Recruiter,Male,Houbai,¥221389.43,12/31/2024
48,Jereme Trewman,Nuclear Power Engineer,Male,Punsu,¥390650.33,2/3/1993
49,Darcy Poultney,Health Coach I,Male,Gubkinskiy,¥774147.07,3/10/2009
50,Mandy Vigurs,Assistant Manager,Female,Cantaura,¥766776.43,6/13/1997
